<?xml version="1.0" encoding="UTF-8"?>
<metadata xml:lang="en"><Esri><CreaDate>20211006</CreaDate><CreaTime>14421800</CreaTime><ArcGISFormat>1.0</ArcGISFormat><SyncOnce>TRUE</SyncOnce><DataProperties><lineage><Process ToolSource="c:\program files (x86)\arcgis\desktop10.8\ArcToolbox\Toolboxes\Data Management Tools.tbx\CreateFeatureclass" Date="20211006" Time="143208">CreateFeatureclass C:\Users\washmall\Desktop\climateServ_test_AOIs\shape\climateserv_aoi.gdb climateserv_aoi POLYGON # DISABLED DISABLED # # 0 0 0</Process></lineage></DataProperties></Esri></metadata>
